Original_Text,Actual_Label,Predicted_Label,Probability
"I can't think when I last rated any product with all five stars but this one gets them!<br /><br />I have always used ""foil"" shavers over the past 30 or so years and they have varied widely in the quality of shave. Only one would I have rated at the top for shave quality that approached blade shaving and that one was purchased about 24 years ago. I never gave multi-head rotary shavers much thought...until this one. This shaver beats EVERY electric shaver I haver ever owned or tried for shave quality...even ""dry"" (without using any kind of pre-shave). With a pre-shave lotion it is even better. This is a great on-the-road shaver to keep in your car for those super-quick erasures of 6-o'clock shadows.<br /><br />This thing is super quiet. It doesn't ""buzz"" but the sound it does make is a very quiet one that makes you think it is running at a slow speed...yet it races right through a 3-day growth as fast as you can ""mow"" your face. The rotor housing pops right off and you just shake the stubs out if you have been using dry or only with pre-shave. If you use it in the shower...well, rinse it off in there!<br /><br />Battery life so far has been unexpectedly good. It has a countdown charge timer built into the on-off switch that starts at 60 (supposed minutes) but after a good estimated half hour of shaving mine only ticked down to about 43 before I plugged it in to my laptop to charge. It only comes with a USB charging corder (it's proprietary at one end so don't lose it!) that can plug into any power-providing standard USB port. Many hotels now have USB charging ports on their bathroom outlets and you even find them on things like inexpensive power strips. Of course, you can purchase a standalone USB charger...but I see no need in my case give this thing seems to just ""sip"" power and would likely last a multi-week business trip without the need to charge.<br /><br />Its flip out trimmer is rather smallish but gets the job done and trims very closely. Works as well as any I have tried/owned.<br /><br />I don't see a real downside to this shaver. I don't know (haven't checked) where you might find additional rotary blades if you need them but the shaver is so inexpensive you could buy five or six whole shavers for the price of other ""mid range"" rotaries I have tried that don't give as good a shave.<br /><br />Unless you are a real brand-loyalist or your current shaver gives what you consider a ""perfect"" this is THE ONE TO GET.",0,1,0.8748966
"[[VIDEOID:b7a26be60316cb3ca697412c040cd1b1]] We have 3 cats: different ages (17, 8, 5), hair lengths (short, medium, long), hair types (silky soft fine, coarse, in-between), temperaments (laid back, shy/skittish, impatient/trouble-maker).<br /><br />My interest in this brush was specifically for our oldest cat. He had spent much of his life outdoors, but we recently shifted him to being an indoor cat due to age, health and inclement weather.<br /><br />He was a mess and we had to cut out much of the mats and debris.<br /><br />Since I spend much of my time in the basement he stays there with me and I created a bed for him next to my sewing area and desk. He likes to sleep there and when I need a break, I like to brush him. He has adapted very nicely to being an indoor cat as long as I brush him at least 6-8x's/day. I kid you not.<br /><br />However, I noticed as we finally got him cleaned up, that certain areas were bothering him when brushed. Careful inspection revealed external skin growths (like moles) and if our old slicker brush happened to hit them, he would let us know it hurt.<br /><br />I purchased 2 brushes to try on him. One was a silicone brush and this one. While he liked the feel of the silicone brush (as did the other cats), it wasn't effective at actually grooming.<br /><br />On the other hand, this brush does a remarkably decent job. It's not as efficient as our old style slicker -- and I think that's due to the fact that it has considerably fewer bristles and they are spaced further apart.<br /><br />It is necessary, though, to wait for the brush to have a considerable amount of hair in it before cleaning by pushing the button. If you try to remove it before it's relatively full, it doesn't do a very good job of removing the hair from the bristles.<br /><br />When I also tried it on the other cats, my husband's shy/skittish female cat, who has always avoided me like the plague, couldn't get enough of the brush and was actually purring. Of course, as soon as I stood up (I had been on the floor with her), she ran back to him as if to escape from an ogre!<br /><br />Mr trouble-maker tolerated the brush but was too impatient to stick around for long. Point is, he didn't object to it, he just wasn't in the mood and would rather run around and play. (8-year old Siamese).<br /><br />My only request was that the next version of this brush have more bristles, closer together. Meanwhile, I will keep my old slicker for cleaning furniture. It does a remarkably good job.<br /><br />Forgot to mention: my arthritic hands absolutely adore the soft squishy silicone-like handle.",0,1,0.86698455
"Ok guys I’m back - update. Washed my hair and almost all the sandwiches came out. Glue does not hold. If you want something quick for a week or 2, these are great but for someone like me that is used to re-doing my hair every 6 to 8 weeks, this does not work. This is a pic after i already three some sandwiches out:( sandwiches are two pieces<br /><br />I’m giving them a 4 out of 5 bc I’m on week 3 and i see the curls drying out a bit even tho I’m religious w braiding them up and wearing my bonnet in the house. Now that I’m wearing them out and it’s humid, they’re getting a little dry but the color was true to pics and they were super soft. It is human hair. Not much shedding at all. The tape has been holding up as well. I bought them in emergency bc of prime and needed them in 2 days. Will purchase again when i want super curly look",0,1,0.8635125
"I received the wrong colors at first but had a great customer service rep, Alina, who was very prompt on fixing this issue. I will update my review once the colors I ordered come in. For now, this product does exactly what it says. I tested out on a couple of false nails and was very pleased with how well it worked and the effects. I can't wait for my colors to come in! Highly recommend especially if you are a beginning to dipping! Super simple, not very messy and not very smelly!<br /><br />Ps... The kit came with everything (just wrong colors) lol I took out my files and rose oil before snapping the pic. On the nails, the one with a + had been buffed prior to application. The unmarked one was not filed or buffed. Results aren't justified as much in pic but gives general idea.<br /><br />**UPDATE**<br /><br />So I got the same colors as before but upon further investigation, I found the title, color number and pictures are incorrect. The color for this page would be 011, not 013 and you won't receive the bold colors shown but rather pastel like colors for their wedding party set. My pics show the colors you will receive. I won't complain as I should've read into this more. I still keep my 5 stars cause the product works very well, lasts long and the colors come out great. I just wish I could've gotten the bold colors displayed. Oh well, still a great buy!",0,1,0.8611806
"When I first used this shaver there were a few things I had to learn.  It's quiet -- so quiet, I thought it wasn't working properly.  Second, you don't have to press hard to get it to work -- just keep passing it over any area of your skin requiring extra attention and it will do the job.  Third, the lotion/gel samples make the shave live up to its name of Cool Skin -- no razor burn whatsoever.<br /><br />I have two issues with the shaver.  First, Norelco still has one of the most inconvenient methods of cleaning I've ever seen.  Every few days you need to disassemble the blades from the discs holding them and using a brush (I use an old toothbrush) to get the old hair out of there.  Rinsing it under water doesn't do anything but remove the stray hair stubble in the head itself.<br /><br />Second, the refills are difficult to find.  They are relatively expensive in most sources (including here at Amazon) but are available at the world's largest retailer in a box of 5 for $4.94.  I find they last about 10 days if you don't go crazy pressing the button for lotion.  I also find the lotion much better than the gel.  When I shave at home, I just use regular shave gel with it to preserve the expensive cartridge-based lubricants.",0,1,0.86096364
"After trying out a Philips (Norelco) 7120 to see if I could escape the wet razor trap I was ready for the next step; that model worked fine, except that by design the battery doesn't last that long and I could seldom get an acceptable shave around the neck. The 1050x solves both problems, I can shave in less time (must be the blades it uses) and it charges very quickly (one hour, with a quick charge for emergencies).<br /><br />It comes with a travel ""sarcophagus"" (which I find a nice detail) which can also be used to charge the razor, and a charging stand; the hair deposit chambers for each blade do fill quickly, particularly with anything older than a day old stubble for me, and a sign comes up asking you to empty them - which is done quickly and easily enough.<br /><br />The only negatives are that it's quite a bit noisier than the 7120, but then again that is quite quiet... I still cannot get the best shave over the area between my mouth and my chin... But then again we all different facial features... And it's pricey... I'm still kicking myself for not buying this when it came out as a special deal... But I needed it too much to wait for another one to show up.",0,1,0.8588058
"I placed a small piece I cut, onto a lumpy area behind my left ear. I have been using it for about a week and I haven't noticed much of a change in it's size. It didn't bother me as far as the stickiness goes, but it did snag a bit when a few hairs became attached (scalp hair, not body hair). Once I pulled it off it (wetting it first) it did not irritate me at all. Although my skin is light, pigmented but light, there was noticeable redness but it went away fairly quick. The smell is bearable but AWFUL! It smells completely medicated, but I guess herbal is what it says it is! Never had an herbals with such a pungent aroma The smell was all over my fingers YUCK and even having the bag it comes in opened in close proximity was irritating. I'll keep using it, while I'll keep searching for something else unless this proves otherwise. Oh I will say with it behind my ear, my nose became runny and I could swear I tasted it in my mouth, but that could be either the smell or the actual effects of usage. Not really sure being ENT is all connected. Not urged to recommend but a try wouldn't hurt as long you are absolutely sure there are no unlying conditions doctor only treatable. Everyone wants to diagnose themselves' in the millenium. Go to the doctor first or just ask. My doctor has never even heard of this but she did theorize possible warnings and side effects and whether or not why and when to discontinue use. This product came with nothing else and little description. So I have no idea what it truly entails nor any actual ingredients.",0,1,0.8583962
"So I don’t own a blow dryer or a hair straightener. I know. I bought this to hopefully replace the need for both of them. Pictured: my hair styled when damp, my hair styled and natural side-by-side, and my hair styled when dry (tie-dye shirt).<br /><br />Some pros: I have very wavy, long, fine hair, but a ton of it, and can dry/style my hair in under 30 minutes with this. Yes the brush size is huge, but with how much hair I have, I need it to be large. The style it produced was beautiful! I will be keeping this for sure!<br /><br />Some cons: I deducted a star mainly because this brush doesn’t get very hot. I guess this could be a pro since it won’t damage your hair as much over time. But for me, I noticed that some parts of my hair were still wavy, and that the style didn’t hold perfectly over time.<br /><br />Some tips: definitely use this tool on damp hair. It semi-straightened my dry hair, but the style did not hold over time and my hair went right back to wavy in an hour. I had to go over my damp hair a few times, but make sure to maintain tension when you pull. That’s the best way I was able to get my hair straight. Another reason I deducted a star was because I still feel like I need a flat iron to do touch ups—around my roots specifically. But this product is definitely better than using a flat iron all over!<br /><br />Verdict: worth $20! Glad I purchased.",0,1,0.8581633
"First off and to the bottom line, for quality and price point totally WORTH THE BUY!!<br /><br />For reference, I ordered the 22 inch Color #2 Darkest Brown. I am 5'11"" and ordered a length similar to my own hair.<br /><br />Now for the background: I am mid 40s and I have always had SUPER thick, curly hair until an autoimmune thing kicked in at which point I lost 3/4s of that volume over a year. So I've been playing around with hair extensions. If we can dye out grays, do our nails, etc. to feel better about ourselves, why not hair extensions??  This particular piece is AMAZING! Honestly, it could be thicker, but then I feel it would be too heavy. It's perfect for me.<br /><br />The color matches perfectly. The length is accurate. The sheen is beautiful. Some other reviewers complained about it tangling, and although it does, it doesn't tangle more than my own hair and brushes out back to original form with ease. ...Some other reviewers said it doesn't stay in place and I personally disagree. I straighten my hair, put it up in a ponytail at the height I want, clip in the extension, wrap the extra piece and secure with 3-4 bobby pins around the base. That may sound like a lot of work, but really it isn't (especially since I only wash my hair every third day or so, and in between days, I just shower without wetting my hair).  It took me a couple tries to perfect it, but since, I have it down and wear it for 12-14 hours continuously without an issue.  No headache, no slipping. My hair blends with the extension and you can't tell which strands are ""real"". ...Admittedly, I haven't played around with curling it or anything so I can't commit or advise on that.<br /><br />All in all, I feel this is a cheap, quick and easy way to feel beautiful. And everyone deserves to feel beautiful!  Hope this review helped :)",0,1,0.8575226
"This is the third hyaluronic acid serum I have tried. I used a pretty popular brand for six months and was about to give up and stop wasting my money. I received Elleda Hyaluronic acid serum today, and used it for the first time this evening. It is incredible. It has done more for my face in one night than the other brand that I used for 6 months. My face is soft, smooth, and bright. I can't wait to see what 2 weeks brings. Aging is particularly rough on women and we can get sucked in by so many false promises of looking younger. I shiver when I think of all the money I 've spent. This product is a little pricey, but it is already worth it. I'm satisfied.",0,1,0.85731345
"I only used this in 20F weather, so haven't gotten to test in warmer temps other than inside. But even when it's like 69-70F inside, I sweat. I wake up with areas below the waist and stuff sweating in the morning too. I didn't have that issue after using this. Last night I went out to dinner with friends and only felt my scalp sweating. My forehead and nose usually always sweat and they stayed pretty dry. And this morning I woke up without sweating in undesirable places. I've only tried this product for one day, but holy moley, even just waking up in the morning not soaked is a huge game changer. I'm concerned about overheating on warmer days though, so may have to just use with some caution. But the instructions technically say only use at night, 1 hour after showing, and don't use during the day. So maybe that's why. Also I had at least followed the 1 hour after showering thing and I did not experience any stinging or pain even in the slightest that some others mentioned. Usually after showering and exfoliating your skin it might be more sensitive immediately after, so if folks are using it immediately after maybe that's why it stings? Lastly, I do use a light moisturizer on my face because my cheeks get dry. I'm not sure if I'm allowed to mention the brand, so it is an Ives and you can figure out the rest. But if you have combination skin, it's not heavy and doesn't leave residue. So it really helps also if you're a sweater.",0,1,0.8517204
"I like this heated eye mask, for the most part, I especially like that it exists in the first place! I was searching Amazon up and down for a heated eye mask that can be worn like a sleeping eye mask to relax my eye muscles after sitting at a computer all day when I finally came across this one. I don't care for the color or the kitty design, but the purple material is velvety soft which I do like.<br /><br />The mask easily covers my head, though I do have a small head, and the strap fits around the back of my head pretty well. I do choose to wear my hair up at night when I use this heating mask otherwise the strap slides up my straight fine hair slowly if I move my head from side to side. And I somehow never wake up with it on, though I'm thinking that has much more to do with me removing it during the middle of the night vs a product error.<br /><br />The power cord is composed of two pieces, the first has one end with a USB and the other as a round female piece. Connected to the mask on the right side is the other piece of the cord. This piece has a male round piece and connects perfectly to the female piece. I imagine this design is intended to allow the cord connected to the mask to easily be pulled out if the person moves during sleep.<br /><br />I plug the cord right into my USB-hub with my phone charger and it works perfectly well.<br /><br />The controls on this are odd, and you are provided zero instructions. There are two buttons I believe one is a (-) that is indented and the other is a (+) that is raised if my memory serves me right. You have to keep one side pressed down until the unit turns on, then I press the indented button because the numbers go up to 60 on this side. The numbers displaced are bizarre and I have no idea what unit of measurement they are - though degrees Celcius makes the most sense.<br /><br />The one thing I wish this product had was sewn in contours for the nose and eye sockets so it was able to lay more flush with your eyes. This would allow your eyes to feel a more direct heat. Usually, to counterbalance this I place one of my arms over the heating mask to apply weight and increase the intensity of the heat.",0,1,0.85081536
"I will spare Nothing for beauty products and I've tried them all and in all price ranges, this beats them all so far. The suprising part is it's also replaced all eye creams I used to use. I put some on a Q tip and dab it around my eyes at night and the skin under my eyes is totally smooth and stays that way all day even under makeup. I'm 58 and as I say, I spare nothing to look my best including a great plastic surgeon so with that kind of money invested in my face I'm not going to skimp on moisturizer. The tube is designed so that cream Never backs up into the tube meaning the moisturizer is Always sterile, great if you've had a procedure or delicate skin. I do a home chemical peel every two weeks on my face, neck and chest every two weeks (ex sun worshiper) and this is the kind of cream that's perfect for the delicate after care of my skin. I also used it after having my whole face lasered at my plastic surgeons office too. I can't say enough about this and it was in all my Christmas stockings for my friends, male and female.<br />Oh, my skin is normal and not overly dry and even at my age I can break out with cystic acne, this did Not contribute to any break outs.",0,1,0.8450474
"Saw this product so just HAD to try it! I bought the double magnets prior, where one set goes behind your lashes and the other set in front and they never really met up properly so I never used them. I don't like the glue because it always takes my real lashes off. So magnetic liner ""YES Please""!  I did watch some YouTube videos prior to buying to see how to put them on properly. I put a thin line on first with no luck, so I put a thicker (much thicker) line on and waited a bit before putting my lashes on. I'm not sure if it is truly magnets that hold them in place or just the goo/glue substance of the liner? I will say that with magnets you feel a ""pull"" sensation where the magnets are drawn together, I never got that feeling with this liner so my guess is... it is more the goo of the liner that holds them on (still better than glue). Either way, I have them on and I hope the goo holds up for the entire day!  :)<br /><br />UPDATE: After wearing these eyelashes for a full day they stayed on without any issues! Be it magnets or goo, I'm thrilled with using this product again and again!",0,1,0.84299076
"I have type 3A hair (naturally curly, coarse and thick) cut into a pixie style. I wear my hair straight more often than not and blow dry with 2 different size round brushes. Since my roots are very curly, I need a smaller flat iron to get to the roots since my hair is short. I've tried using a regular size and it's too large to reach my roots. I've tried probably 6 different flat irons and this one I actually saw on an Instagram post. It doesn't have a temperature setting; you turn it on and that's it. However, this thing gets HOT! The way it feels in your hands is perfect, it's not awkward feeling. The fact the handle is a little thicker makes it easier to hold and it also has grooves so you're able to grip it well while straightening. This is the best flat iron for shorter hair styles!",0,1,0.8425476
"I am as pleased with this manufacturer's argan oil as I have been with a couple other favorites that I purchased from Amazon in the past. I've been using organic cold pressed argan oil on my face and neck & in home made skin creams for many years.  I tried this one because neither of my go to brands were available.  The Nadira brand is stated to be cold-pressed organic, although it's not USDA Certified Organic like the others.<br /><br />Nadir's product has the same earthy odor, and after several months of use I see no difference in the feel, absorbability, or results between this product and the others. Unless I read that the cold-pressed organic claim is false, I would definitely buy it again.",0,1,0.84168315
"Had a few pieces of glitter that wouldn't come off from my last manicure, figured I'd try to just go over them. 6+ THICK coats later and I could still see the dots through the polish. It was so bulky on my nails! Looked like I had on super chunky acrylics, and it wasn't even opaque at that point. It was so thick I ended up taking it off after 2 days (which was a nightmare even using 100% acetone...).<br /><br />As for the colors:<br />-The two middle greens look exactly the same. I had to redo one of my nails and I couldn't figure out which one that I had first used, they look exactly the same on your fingers.<br />-I like the yellow! It isn't green at all, it is safety yellow. I wish it was actually opaque.<br />-The dark green is not as dark as you'd think. As with the yellow I do really like the color, but I'm not going to put 7+ coats on just so it'll look decent.<br /><br />I missed the return period, otherwise I'd probably return this item. Since I really like the colors and I'm stuck with them I'll probably try putting them on my toes since the bad polish will be less noticeable.",0,1,0.8385673
"I haven’t worn mascara in over a year because I just got tired of it flaking, irritating my eyes, globbing two or more lashes together, etc. My lashes are not full but they are long, so mostly I just wanted color, dark gray if possible. Couldn’t find gray, or color only and am too shaky to try dye. So last week, I ordered 6 different brands of black mascara, all at very low cost.<br />I’ve tried them all now, with one coat, with two coats, with remover pads and oil based remover, sleeping overnight without removing, wearing during swim aerobics, wearing all day working in the yard.<br />Some made my lashes clump, some made my lashes stiff, hard, some heavily coated, most flaked off during the day, some smeared during my swim aerobics, some itched, some irritated, some were difficult to apply without getting on my skin, some were difficult to get completely off.<br />The only one that met my needs was QJC Waterproof Mascara.<br />It was the last to arrive and I was really frustrated by that time with the five others I’d already tried, so I wasn’t very hopeful. But I was happily surprised!<br />It went on smoothly without clumping. The applicator is dense and just as fat as others, but I easily avoided marking my skin. It lasted throughout a busy day of swim aerobics, grocery shopping, working in the yard without flaking or smudging. My lashes remained soft throughout the day. I left it on overnight and had no flakes or smudges! And my lashes still felt soft and natural looking. It came off easily with eye makeup remover pads on one eye, and oil based liquid on the other. I ran a makeup cleansing cloth over my eyes after I’d cleaned my eyelashes and there was no trace of mascara. Although I did not try to lengthen my eyelashes, it did so without trying. Other reviews have noted it’s lengthening capability.<br />I’m very pleased with this one. I won’t have to purchase again for a while because it’s a pack of two and very inexpensive!",0,1,0.8376268
"I have tried just about every volumizing powder on the market, from the cheap to the pricey. They are usually pretty similar in results, with the only big differences being scent and applicator.  I used almost the entire bottle of this brand before I gave my opinion, making sure I tried using it in every way one could. Final opinion is: Major Fail. It doesnt come out of the applicator easily,  coming out in tiny chunks rather than powder UNLESS you squeeze the bottle while you shake. That results in product going everywhere and you waste half of it. (See photo of product on my shirt! Chunks!) The amount which DOES manage get in your hair works, but no better than other brands.  I'm disappointed and annoyed with this product and wont purchase it again.",0,1,0.83739316
"First, let me just say ALL NATURAL !!!  I love to find all natural or organic products. This oil is also Frangrance Free.<br />These 5 Oils included in the serum are : Argan Oil , Jojoba Oil , Triticum Borage Oil,  and Sesamum Indicum Oil.<br /> The directions say to drop a few drops and  rub in the palm of your hand and then on face and neck at night. However, I put it on other parts of my skin. It goes on a little oily but absorbs in really well.  It is an anti aging serum so I think I will continue to put it on my face and tops of my hands . ;) A few drops go a long way so this bottle should last for a while. I love products that are all Natural or Organic. I think it is smart to put less Chemicals on and in your body as much as possible.<br /><br />The serum is not too thin but it isn't  thick either. It really only takes a few drops to go a long way. The serum is a fresh honey-yellow color.<br /><br />*Glass Amber bottle with Protective cap<br />*Glass dropper<br />*1.69 ounces / 50 ml<br /><br />  I recommend  this product very much. It has made a difference in my skin with only a few days use.<br />I received this product at a discount for my honest and unbiased opinion and you have gotten just that with this review. Pictures posted and Videos to be posted soon.<br /><br />Regenerating Active 5 Serum for Face with 5 Oils, Ultimate Natural Skin Regenerist with",0,1,0.8367615
